file_path,subfolder,filename,mean_FSC-A,mean_SSC-A,mean_FITC-A,mean_PE-A,mean_PerCP-Cy5-5-A,mean_PE-Cy7-A,mean_APC-A,mean_APC-Cy7-A,mean_Pacific Blue-A,mean_V500-A,mean_Time,,0.009643887,,,subfolder,,,,,,
20250527 HUMSEplus 1-6  mix in 4xynb 4g glucose evolve p1 24h\Specimen_001_Tube_001_001.fcs,20250527 HUMSEplus 1-6  mix in 4xynb 4g glucose evolve p1 24h,Specimen_001_Tube_001_001.fcs,41702.242,708.7739,3339.2163,37409.336,6652.791,1190.1733,1689.5682,174.25192,3266.5488,15464.037,1422.3137,,92075.83684,2.207934932,227.9465785,20250527 HUMSEplus 1-6  mix in 4xynb 4g glucose evolve p1 24h,,,,,,
20250527 HUMSEplus 1-6  mix in 4xynb 4g glucose evolve p1 24h\Specimen_001_Tube_002_002.fcs,20250527 HUMSEplus 1-6  mix in 4xynb 4g glucose evolve p1 24h,Specimen_001_Tube_002_002.fcs,34207.812,578.5446,2983.3252,33807.598,5699.327,1018.8043,1318.8195,137.66193,2841.456,13456.2705,1051.846,,82262.46511,2.404785933,248.3585764,20250527 HUMSEplus 1-6  mix in 4xynb 4g glucose evolve p1 24h,,,,,,
20250527 HUMSEplus 1-6  mix in 4xynb 4g glucose evolve p1 48h\Specimen_001_Tube_001_001.fcs,20250527 HUMSEplus 1-6  mix in 4xynb 4g glucose evolve p1 48h,Specimen_001_Tube_001_001.fcs,40399.29,600.7907,5422.864,60416.11,8629.086,1389.543,2190.9336,221.45508,2799.4724,21021.793,422.7932,,149530.5174,3.701315477,382.7991338,20250527 HUMSEplus 1-6  mix in 4xynb 4g glucose evolve p1 48h,,,,,,
20250527 HUMSEplus 1-6  mix in 4xynb 4g glucose evolve p1 48h\Specimen_001_Tube_002_002.fcs,20250527 HUMSEplus 1-6  mix in 4xynb 4g glucose evolve p1 48h,Specimen_001_Tube_002_002.fcs,38291.26,532.9816,4277.453,50681.53,7123.8,1163.4543,1825.5577,185.91728,2496.7776,17677.615,461.21375,,117946.8561,3.080255289,318.3997699,20250527 HUMSEplus 1-6  mix in 4xynb 4g glucose evolve p1 48h,,,,,,
20250527 HUMSEplus 1-6  mix in 4xynb 4g glucose evolve p1 72h\Specimen_001_Tube_001_001.fcs,20250527 HUMSEplus 1-6  mix in 4xynb 4g glucose evolve p1 72h,Specimen_001_Tube_001_001.fcs,19340.35,236.34042,4458.045,51652.883,6446.322,945.7612,926.6752,95.70232,3301.4275,17751.387,377.50323,,122926.5154,6.355961264,658.0663354,20250527 HUMSEplus 1-6  mix in 4xynb 4g glucose evolve p1 72h,,,,,,
20250527 HUMSEplus 1-6  mix in 4xynb 4g glucose evolve p1 72h\Specimen_001_Tube_002_002.fcs,20250527 HUMSEplus 1-6  mix in 4xynb 4g glucose evolve p1 72h,Specimen_001_Tube_002_002.fcs,20716.818,252.25365,5924.4814,65124.35,8375.993,1215.549,1108.4238,114.83437,2984.2505,22120.496,630.8512,,163362.1586,7.885485048,816.6666782,20250527 HUMSEplus 1-6  mix in 4xynb 4g glucose evolve p1 72h,,,,,,
20250527 HUMSEplus 1-6 mix  in 4xynb 40g glucose 24 h P3\Specimen_001_Tube_001_001.fcs,20250527 HUMSEplus 1-6 mix  in 4xynb 40g glucose 24 h P3,Specimen_001_Tube_001_001.fcs,20717.623,261.47113,2817.4192,28468.21,4514.817,775.2712,1705.8362,179.87442,2012.7646,11502.727,396.84677,,77687.75882,3.749839392,387.8307061,20250527 HUMSEplus 1-6 mix  in 4xynb 40g glucose 24 h P3,,,,,,
20250527 HUMSEplus 1-6 mix  in 4xynb 40g glucose 24h P2\Specimen_001_Tube_001_001.fcs,20250527 HUMSEplus 1-6 mix  in 4xynb 40g glucose 24h P2,Specimen_001_Tube_001_001.fcs,33838.74,429.26505,6483.9575,59550.508,9149.268,1463.4723,2204.0671,230.09833,2963.0667,23311.084,345.49954,,178789.2006,5.28356554,546.8668031,20250527 HUMSEplus 1-6 mix  in 4xynb 40g glucose 24h P2,,,,,,
20250527 HUMSEplus 1-6 mix  in 4xynb 40g glucose 24h P2\Specimen_001_Tube_002_002.fcs,20250527 HUMSEplus 1-6 mix  in 4xynb 40g glucose 24h P2,Specimen_001_Tube_002_002.fcs,35700.27,462.7629,6461.954,58969.92,9086.675,1445.7054,2446.6987,251.9844,2790.1992,22682.697,244.79182,,178182.4742,4.991067972,516.5369612,20250527 HUMSEplus 1-6 mix  in 4xynb 40g glucose 24h P2,,,,,,
20250527 HUMSEplus 1-6 mix  in 4xynb 40g glucose 24h P2\Specimen_001_Tube_003_003.fcs,20250527 HUMSEplus 1-6 mix  in 4xynb 40g glucose 24h P2,Specimen_001_Tube_003_003.fcs,36376.594,481.7101,6891.0854,61848.133,9973.657,1628.1234,2985.507,308.5567,3287.9587,24832.912,250.20255,,190015.3802,5.223561619,540.6448387,20250527 HUMSEplus 1-6 mix  in 4xynb 40g glucose 24h P2,,,,,,
20250527 HUMSEplus 1-6 mix  in 4xynb 40g glucose 24h p4\Specimen_001_Tube_001_001.fcs,20250527 HUMSEplus 1-6 mix  in 4xynb 40g glucose 24h p4,Specimen_001_Tube_001_001.fcs,26120.115,464.1881,5903.767,66446.74,8690.919,1596.7983,2322.8525,254.4431,2275.5005,23761.836,376.2956,,162790.9779,6.232398975,645.2538368,20250527 HUMSEplus 1-6 mix  in 4xynb 40g glucose 24h p4,,,,,,
20250527 HUMSEplus 1-6 mix  in 4xynb 40g glucose 48h P2\Specimen_001_Tube_001_001.fcs,20250527 HUMSEplus 1-6 mix  in 4xynb 40g glucose 48h P2,Specimen_001_Tube_001_001.fcs,18495.004,216.94482,3383.8428,37770.023,4680.979,739.5247,805.3856,84.64055,3068.1316,13632.597,502.3841,,93306.37178,5.044950073,522.1241379,20250527 HUMSEplus 1-6 mix  in 4xynb 40g glucose 48h P2,,,,,,
20250527 HUMSEplus 1-6 mix  in 4xynb 40g glucose 48h P2\Specimen_001_Tube_002_002.fcs,20250527 HUMSEplus 1-6 mix  in 4xynb 40g glucose 48h P2,Specimen_001_Tube_002_002.fcs,20253.938,249.83742,4260.0938,46162.562,5740.304,893.1476,902.4763,95.957245,3120.7388,16358.684,691.32275,,117468.1921,5.799770497,600.3934523,20250527 HUMSEplus 1-6 mix  in 4xynb 40g glucose 48h P2,,,,,,
20250527 HUMSEplus 1-6 mix  in 4xynb 40g glucose 48h P2\Specimen_001_Tube_003_003.fcs,20250527 HUMSEplus 1-6 mix  in 4xynb 40g glucose 48h P2,Specimen_001_Tube_003_003.fcs,20652.496,242.88545,3676.7324,40362.152,4988.822,791.0833,984.353,103.887955,2325.5847,13807.627,883.3412,,101382.5348,4.908972492,508.024265,20250527 HUMSEplus 1-6 mix  in 4xynb 40g glucose 48h P2,,,,,,
20250527 HUMSEplus 1-6 mix  in 4xynb 40g glucose 48h P3\Specimen_001_Tube_001_001.fcs,20250527 HUMSEplus 1-6 mix  in 4xynb 40g glucose 48h P3,Specimen_001_Tube_001_001.fcs,25293.182,277.41037,4338.6494,47693.504,6342.2163,1017.0926,2087.7478,216.07695,1740.7086,15545.8125,526.748,,119634.2909,4.729902743,489.4560519,20250527 HUMSEplus 1-6 mix  in 4xynb 40g glucose 48h P3,,,,,,
20250527 HUMSEplus 1-6 mix  in 4xynb 40g glucose 48h p4\Specimen_001_Tube_001_001.fcs,20250527 HUMSEplus 1-6 mix  in 4xynb 40g glucose 48h p4,Specimen_001_Tube_001_001.fcs,18920.416,242.26797,5851.889,69247.33,8013.638,1199.6956,1126.4103,119.979065,4772.1855,22475.133,265.46503,,161360.4895,8.528379583,883.3301029,20250527 HUMSEplus 1-6 mix  in 4xynb 40g glucose 48h p4,,,,,,
20250527 HUMSEplus 1-6 mix  in 4xynb 40g glucose 72h P2\Specimen_001_Tube_001_001.fcs,20250527 HUMSEplus 1-6 mix  in 4xynb 40g glucose 72h P2,Specimen_001_Tube_001_001.fcs,13906.441,214.48907,1691.3716,19704.758,3001.0134,620.2549,697.3575,83.45436,2338.0183,8600.943,405.76425,,46638.02566,3.353699603,346.7539298,20250527 HUMSEplus 1-6 mix  in 4xynb 40g glucose 72h P2,,,,,,
20250527 HUMSEplus 1-6 mix  in 4xynb 40g glucose 72h P2\Specimen_001_Tube_002_002.fcs,20250527 HUMSEplus 1-6 mix  in 4xynb 40g glucose 72h P2,Specimen_001_Tube_002_002.fcs,15496.323,182.67162,1814.0062,20236.576,3018.8218,572.1219,755.1274,86.74365,3084.7031,9069.559,465.2919,,50019.56264,3.227834283,333.7026238,20250527 HUMSEplus 1-6 mix  in 4xynb 40g glucose 72h P2,,,,,,
20250527 HUMSEplus 1-6 mix  in 4xynb 40g glucose 72h P2\Specimen_001_Tube_003_003.fcs,20250527 HUMSEplus 1-6 mix  in 4xynb 40g glucose 72h P2,Specimen_001_Tube_003_003.fcs,16349.808,187.9335,1941.7964,22444.395,3193.797,597.0025,718.2212,82.804695,2713.828,9410.87,448.0187,,53543.26059,3.274855618,338.5783897,20250527 HUMSEplus 1-6 mix  in 4xynb 40g glucose 72h P2,,,,,,
20250527 HUMSEplus 1-6 mix  in 4xynb 40g glucose 72h P3\Specimen_001_Tube_001_001.fcs,20250527 HUMSEplus 1-6 mix  in 4xynb 40g glucose 72h P3,Specimen_001_Tube_001_001.fcs,18309.934,219.45775,4126.836,48089.37,6235.156,999.7025,1075.8466,113.045235,4378.3516,16823.43,412.37885,,113793.73,6.214862929,643.435478,20250527 HUMSEplus 1-6 mix  in 4xynb 40g glucose 72h P3,,,,,,
20250527 HUMSEplus 1-6 mix  in 4xynb 40g glucose 72h p4\Specimen_001_Tube_001_001.fcs,20250527 HUMSEplus 1-6 mix  in 4xynb 40g glucose 72h p4,Specimen_001_Tube_001_001.fcs,16744.26,310.75323,5332.2617,62616.473,7950.5254,1250.818,1176.3236,123.69214,3920.9685,20786.105,546.44507,,147032.2418,8.781053433,909.5305188,20250527 HUMSEplus 1-6 mix  in 4xynb 40g glucose 72h p4,,,,,,
20250527 HUMSEplus 1-6 mix  in 4xynb 40g glucose P5 24 h\Specimen_001_Tube_001_001.fcs,20250527 HUMSEplus 1-6 mix  in 4xynb 40g glucose P5 24 h,Specimen_001_Tube_001_001.fcs,26199.033,287.60205,5042.6562,59071.758,7476.273,1173.5842,2899.3076,293.41632,2613.8708,18441.883,706.18024,,139046.6348,5.307319352,549.3298983,20250527 HUMSEplus 1-6 mix  in 4xynb 40g glucose P5 24 h,,,,,,
20250527 HUMSEplus 1-6 mix  in 4xynb 40g glucose P5 24 h\Specimen_001_Tube_002_002.fcs,20250527 HUMSEplus 1-6 mix  in 4xynb 40g glucose P5 24 h,Specimen_001_Tube_002_002.fcs,25521.844,279.4796,4187.0635,49514.188,6312.346,1008.3116,2753.1057,279.35815,2579.5803,15845.958,818.5832,,115454.4483,4.523750255,468.0795584,20250527 HUMSEplus 1-6 mix  in 4xynb 40g glucose P5 24 h,,,,,,
20250527 HUMSEplus 1-6 mix  in 4xynb 40g glucose P5 24 h\Specimen_001_Tube_003_003.fcs,20250527 HUMSEplus 1-6 mix  in 4xynb 40g glucose P5 24 h,Specimen_001_Tube_003_003.fcs,26460.516,296.39325,4012.1985,46546.21,6216.5522,1015.816,3098.9219,312.5442,2698.6824,15326.928,687.6001,,110632.7058,4.181048691,432.5439321,20250527 HUMSEplus 1-6 mix  in 4xynb 40g glucose P5 24 h,,,,,,
20250527 HUMSEplus 6 in 4xynb 40g glucose 0h\Specimen_001_Tube_001_001.fcs,20250527 HUMSEplus 6 in 4xynb 40g glucose 0h,Specimen_001_Tube_001_001.fcs,26709.133,275.78992,10898.4,87083.984,15534.408,2178.233,2290.4783,227.22905,2230.2407,36549.14,1111.0732,,300513.4169,11.25133552,1165.680564,20250527 HUMSEplus 6 in 4xynb 40g glucose 0h,,1153.564554,,,,1153.564554
20250527 HUMSEplus 6 in 4xynb 40g glucose 0h\Specimen_001_Tube_002_002.fcs,20250527 HUMSEplus 6 in 4xynb 40g glucose 0h,Specimen_001_Tube_002_002.fcs,25577.594,266.74615,9856.418,84735.08,14049.358,1988.747,2064.2898,205.3111,2047.606,33502.2,1488.5944,,271781.7159,10.62577332,1100.814374,20250527 HUMSEplus 6 in 4xynb 40g glucose 0h,,574.1141385,,,,574.1141385
20250527 HUMSEplus 6 in 4xynb 40g glucose 0h\Specimen_001_Tube_003_003.fcs,20250527 HUMSEplus 6 in 4xynb 40g glucose 0h,Specimen_001_Tube_003_003.fcs,25638.406,273.28467,10791.834,87621.81,15443.218,2196.0352,2285.8855,225.89995,2150.5308,36272.355,1114.6362,,297574.9569,11.60660912,1202.519817,20250527 HUMSEplus 6 in 4xynb 40g glucose 0h,,255.1113613,,,,255.1113613
20250527 HUMSEplus 6 in 4xynb 40g glucose 0h\Specimen_001_Tube_004_004.fcs,20250527 HUMSEplus 6 in 4xynb 40g glucose 0h,Specimen_001_Tube_004_004.fcs,25336.877,261.05905,10022.11,86115.35,14408.807,2015.401,2092.4468,207.4251,2020.0446,34074.062,1251.4655,,276350.5213,10.90704751,1129.980435,20250527 HUMSEplus 6 in 4xynb 40g glucose 0h,,149.4356995,,,,149.4356995
20250527 HUMSEplus 6 in 4xynb 40g glucose 0h\Specimen_001_Tube_005_005.fcs,20250527 HUMSEplus 6 in 4xynb 40g glucose 0h,Specimen_001_Tube_005_005.fcs,26017.389,278.25647,10082.684,85163.53,14485.493,2060.8635,2178.0884,215.68668,2124.81,34240.914,1143.9319,,278020.794,10.68596061,1107.055353,20250527 HUMSEplus 6 in 4xynb 40g glucose 0h,,238.1525815,,,,
20250527 HUMSEplus 6 in 4xynb 40g glucose 0h\Specimen_001_Tube_006_006.fcs,20250527 HUMSEplus 6 in 4xynb 40g glucose 0h,Specimen_001_Tube_006_006.fcs,25604.553,278.18454,10892.36,88876.3,15479.989,2211.7795,2276.1965,227.1649,2251.1223,36606.92,1149.898,,300346.8695,11.73021335,1215.336665,20250527 HUMSEplus 6 in 4xynb 40g glucose 0h,,350.5994579,,,,238.1525815
20250527 HUMSEplus 6 in 4xynb 40g glucose 24h\Specimen_001_Tube_001_001.fcs,20250527 HUMSEplus 6 in 4xynb 40g glucose 24h,Specimen_001_Tube_001_001.fcs,30366.771,410.0063,6327.4736,50098.18,9747.748,1449.9078,1625.1094,159.6047,2739.3857,21076.42,419.16083,,174474.3001,5.745566432,594.7728903,20250527 HUMSEplus 6 in 4xynb 40g glucose 24h,,737.3665195,,,,350.5994579
20250527 HUMSEplus 6 in 4xynb 40g glucose 24h\Specimen_001_Tube_002_002.fcs,20250527 HUMSEplus 6 in 4xynb 40g glucose 24h,Specimen_001_Tube_002_002.fcs,29093.021,411.2869,6857.322,50386.168,10434.761,1624.5729,1697.2976,170.80403,2753.1929,22540.846,416.6865,,189084.3854,6.499303917,672.929912,20250527 HUMSEplus 6 in 4xynb 40g glucose 24h,,534.6828769,,,,737.3665195
20250527 HUMSEplus 6 in 4xynb 40g glucose 24h\Specimen_001_Tube_003_003.fcs,20250527 HUMSEplus 6 in 4xynb 40g glucose 24h,Specimen_001_Tube_003_003.fcs,27938.932,361.1035,4925.3257,44272.793,7500.951,1176.2416,1308.1603,132.6444,2032.3756,17325.912,470.9031,,135811.3536,4.861007341,503.0506324,20250527 HUMSEplus 6 in 4xynb 40g glucose 24h,,543.5139611,,,,
20250527 HUMSEplus 6 in 4xynb 40g glucose 24h\Specimen_001_Tube_004_004.fcs,20250527 HUMSEplus 6 in 4xynb 40g glucose 24h,Specimen_001_Tube_004_004.fcs,28752.697,375.86212,5380.308,45999.234,8242.135,1296.8333,1448.3597,147.70876,2338.3574,18927.121,524.6858,,148357.0746,5.159762041,534.0292928,20250527 HUMSEplus 6 in 4xynb 40g glucose 24h,,339.6783203,,,,534.6828769
20250527 HUMSEplus 6 in 4xynb 40g glucose 24h\Specimen_001_Tube_005_005.fcs,20250527 HUMSEplus 6 in 4xynb 40g glucose 24h,Specimen_001_Tube_005_005.fcs,29236.541,394.4835,5901.377,49647.78,8632.084,1319.2648,1446.6769,142.96878,2274.0374,19806.57,375.2648,,162725.0759,5.565811492,576.133628,20250527 HUMSEplus 6 in 4xynb 40g glucose 24h,,387.8307128,,,,543.5139611
20250527 HUMSEplus 6 in 4xynb 40g glucose 24h\Specimen_001_Tube_006_006.fcs,20250527 HUMSEplus 6 in 4xynb 40g glucose 24h,Specimen_001_Tube_006_006.fcs,29975.574,398.60913,5920.916,48094.17,8891.422,1413.6046,1612.25,164.44592,2638.355,20115.89,560.37726,,163263.8459,5.44656279,563.7684165,20250527 HUMSEplus 6 in 4xynb 40g glucose 24h,,489.4560603,,,,339.6783203
20250527 HUMSEplus 6 in 4xynb 40g glucose48 h\Specimen_001_Tube_001_001.fcs,20250527 HUMSEplus 6 in 4xynb 40g glucose48 h,Specimen_001_Tube_001_001.fcs,39776.23,589.735,3432.9187,33049.926,6016.3784,1095.8336,1341.6384,143.50864,2371.4875,13914.71,1252.2432,,94659.59486,2.379803085,245.7680392,20250527 HUMSEplus 6 in 4xynb 40g glucose48 h,,643.4354891,,,,
20250527 HUMSEplus 6 in 4xynb 40g glucose48 h\Specimen_001_Tube_002_002.fcs,20250527 HUMSEplus 6 in 4xynb 40g glucose48 h,Specimen_001_Tube_002_002.fcs,37279.203,548.0222,3679.8728,31364.365,6264.532,1156.9094,1316.3262,143.24094,2409.5732,14429.296,1207.7896,,101469.1284,2.721869575,281.2378129,20250527 HUMSEplus 6 in 4xynb 40g glucose48 h,,645.2538478,,,,387.8307128
20250527 HUMSEplus 6 in 4xynb 40g glucose48 h\Specimen_001_Tube_003_003.fcs,20250527 HUMSEplus 6 in 4xynb 40g glucose48 h,Specimen_001_Tube_003_003.fcs,38649.6,555.71716,4126.089,38645.83,7306.4688,1415.018,1356.2194,156.48132,2477.2937,16341.552,1171.05,,113773.1322,2.943707883,304.2408104,20250527 HUMSEplus 6 in 4xynb 40g glucose48 h,,883.3301181,,,,489.4560603
20250527 HUMSEplus 6 in 4xynb 40g glucose48 h\Specimen_001_Tube_004_004.fcs,20250527 HUMSEplus 6 in 4xynb 40g glucose48 h,Specimen_001_Tube_004_004.fcs,34167.02,459.9769,2981.2893,30886.262,5319.9937,1044.43,1100.392,125.34305,1898.2648,12296.188,1597.9987,,82206.32703,2.406013958,248.4859135,20250527 HUMSEplus 6 in 4xynb 40g glucose48 h,,909.5305344,,,,643.4354891
20250527 HUMSEplus 6 in 4xynb 40g glucose48 h\Specimen_001_Tube_005_005.fcs,20250527 HUMSEplus 6 in 4xynb 40g glucose48 h,Specimen_001_Tube_005_005.fcs,35125.223,479.63525,2753.0923,28728.623,4766.0127,893.2583,1073.1425,117.55369,1865.941,11291.233,974.2922,,75914.00336,2.161239044,223.1045591,20250527 HUMSEplus 6 in 4xynb 40g glucose48 h,,483.3178046,,,,
20250527 HUMSEplus 6 in 4xynb 40g glucose48 h\Specimen_001_Tube_006_006.fcs,20250527 HUMSEplus 6 in 4xynb 40g glucose48 h,Specimen_001_Tube_006_006.fcs,34037.492,468.13486,2724.1023,28645.008,4899.2295,959.9235,1099.1497,123.0571,1875.7524,11376.518,1537.7238,,75114.63061,2.206820368,227.8310064,20250527 HUMSEplus 6 in 4xynb 40g glucose48 h,,,,,,645.2538478
20250527 HUMSEplus 6 in 4xynb 40g glucose72 h\Specimen_001_Tube_001_001.fcs,20250527 HUMSEplus 6 in 4xynb 40g glucose72 h,Specimen_001_Tube_001_001.fcs,37681.97,587.18494,2400.2822,23299.49,4628.2407,904.4626,1169.8486,129.62538,2323.5515,10591.697,1444.2606,,66185.58739,1.756425882,181.1284179,20250527 HUMSEplus 6 in 4xynb 40g glucose72 h,,,,,,883.3301181
20250527 HUMSEplus 6 in 4xynb 40g glucose72 h\Specimen_001_Tube_002_002.fcs,20250527 HUMSEplus 6 in 4xynb 40g glucose72 h,Specimen_001_Tube_002_002.fcs,39079.92,597.6608,2352.627,21283.934,4581.0312,935.6874,1284.9656,142.10559,2780.1367,10734.816,1017.3574,,64871.53881,1.659971126,171.1267707,20250527 HUMSEplus 6 in 4xynb 40g glucose72 h,,,,,,909.5305344
20250527 HUMSEplus 6 in 4xynb 40g glucose72 h\Specimen_001_Tube_003_003.fcs,20250527 HUMSEplus 6 in 4xynb 40g glucose72 h,Specimen_001_Tube_003_003.fcs,37832.863,581.16705,2099.0083,21255.86,4096.0234,860.8107,1149.199,128.01552,2388.8225,9766.752,1631.5118,,57878.23501,1.529840208,157.6331536,20250527 HUMSEplus 6 in 4xynb 40g glucose72 h,,,,,,
20250527 HUMSEplus 6 in 4xynb 40g glucose72 h\Specimen_001_Tube_004_004.fcs,20250527 HUMSEplus 6 in 4xynb 40g glucose72 h,Specimen_001_Tube_004_004.fcs,31886.295,441.95166,1399.239,15814.853,2973.4084,659.9895,909.7577,105.81328,1740.8383,7126.044,2783.4795,,38582.73627,1.210010014,124.4691199,20250527 HUMSEplus 6 in 4xynb 40g glucose72 h,,,,,,483.3178046
20250527 HUMSEplus 6 in 4xynb 40g glucose72 h\Specimen_001_Tube_005_005.fcs,20250527 HUMSEplus 6 in 4xynb 40g glucose72 h,Specimen_001_Tube_005_005.fcs,27820.14,373.74188,1255.6862,14299.878,2578.0374,571.4184,740.2313,86.94365,1475.467,6186.4385,2068.485,,34624.39905,1.244580331,128.0538069,20250527 HUMSEplus 6 in 4xynb 40g glucose72 h,,,,,,
20250527 HUMSEplus 6 in 4xynb 40g glucose72 h\Specimen_001_Tube_006_006.fcs,20250527 HUMSEplus 6 in 4xynb 40g glucose72 h,Specimen_001_Tube_006_006.fcs,28279.562,386.70966,1337.2411,15913.21,2919.641,679.2324,783.0458,97.39777,1530.0286,6827.238,2834.2666,,36873.20086,1.303881611,134.2029126,20250527 HUMSEplus 6 in 4xynb 40g glucose72 h,,,,,,
